町丁コード,区,町丁名,緯度,経度
10001,川崎区,旭町１丁目,35.5353126,139.7099266
10002,川崎区,旭町２丁目,35.5319252,139.7166435
10003,川崎区,池田１丁目,35.521531,139.6918002
10004,川崎区,池田２丁目,35.5207255,139.6929173
10005,川崎区,砂子１丁目,35.5319901,139.701502
10006,川崎区,砂子２丁目,35.5293091,139.700418
10007,川崎区,駅前本町,35.5325821,139.6998962
10008,川崎区,榎町,35.5307057,139.706561
10009,川崎区,大島１丁目,35.5241828,139.7119195
10010,川崎区,大島２丁目,35.5214314,139.7147626
10011,川崎区,大島３丁目,35.5206439,139.7182693
10012,川崎区,大島４丁目,35.5242993,139.7148483
10013,川崎区,大島５丁目,35.5238572,139.717631
10014,川崎区,大島上町,35.5207436,139.7102434
10015,川崎区,小川町,35.4513083,139.6254725
10016,川崎区,小田１丁目,35.515828,139.69908
10017,川崎区,貝塚１丁目,35.5251579,139.7021859
10018,川崎区,貝塚２丁目,35.5242277,139.7042196
10019,川崎区,京町１丁目,35.5178189,139.6938646
10020,川崎区,京町２丁目,35.5135413,139.6953626
10021,川崎区,京町３丁目,35.508837,139.6969505
10022,川崎区,境町,35.5732659,139.4840407
10023,川崎区,下並木,35.5231379,139.6900209
10024,川崎区,新川通,35.5960902,139.4825242
10025,川崎区,鈴木町,35.5370812,139.7232345
10026,川崎区,堤根,35.5249933,139.6887189
10027,川崎区,中島１丁目,35.529989,139.7165494
10028,川崎区,中島２丁目,35.5286665,139.7165
10029,川崎区,中島３丁目,35.5268913,139.7163172
10030,川崎区,日進町,35.5259814,139.6939041
10031,川崎区,東田町,35.5732659,139.4840407
10032,川崎区,富士見１丁目,35.5315993,139.7109474
10033,川崎区,富士見２丁目,35.5277167,139.7109632
10034,川崎区,堀之内町,35.5330643,139.7060619
10035,川崎区,本町１丁目,35.4513083,139.6254725
10036,川崎区,本町２丁目,35.4513083,139.6254725
10037,川崎区,港町,35.5732659,139.4840407
10038,川崎区,南町,35.525717,139.6989984
10039,川崎区,宮前町,35.5281942,139.7056517
10040,川崎区,宮本町,35.4513083,139.6254725
10041,川崎区,元木１丁目,35.5237542,139.6993407
10042,川崎区,元木２丁目,35.5222124,139.6960813
10043,川崎区,渡田１丁目,35.5227965,139.7076546
10044,川崎区,渡田２丁目,35.5208523,139.7062624
10045,川崎区,渡田３丁目,35.5188516,139.7052074
10046,川崎区,渡田４丁目,35.5178891,139.7031789
10047,川崎区,渡田山王町,35.5177264,139.6969965
10048,川崎区,渡田新町１丁目,35.5221138,139.7002162
10049,川崎区,渡田新町２丁目,35.5210254,139.6994309
10050,川崎区,渡田新町３丁目,35.5196535,139.6989278
10051,川崎区,渡田東町,35.5181513,139.7078908
10052,川崎区,渡田向町,35.5216799,139.7032513
11001,川崎区,池上新町１丁目,35.523233,139.7280385
11002,川崎区,池上新町２丁目,35.5245006,139.7303306
11003,川崎区,池上新町３丁目,35.5218401,139.7338242
11004,川崎区,伊勢町,35.4513083,139.6254725
11005,川崎区,浮島町,35.5318437,139.7687813
11006,川崎区,江川１丁目,35.5372576,139.743287
11007,川崎区,江川２丁目,35.5318437,139.7687813
11008,川崎区,川中島１丁目,35.5322289,139.7269072
11009,川崎区,川中島２丁目,35.530245,139.7275362
11010,川崎区,観音１丁目,35.5274896,139.7264342
11011,川崎区,観音２丁目,35.5275147,139.7295768
11012,川崎区,小島町,35.5318437,139.7687813
11013,川崎区,塩浜１丁目,35.5285229,139.7410264
11014,川崎区,塩浜２丁目,35.523486,139.737703
11015,川崎区,塩浜３丁目,35.5216173,139.7411998
11016,川崎区,塩浜４丁目,35.5291171,139.7465136
11017,川崎区,昭和１丁目,35.533096,139.7371203
11018,川崎区,昭和２丁目,35.5309376,139.7376674
11019,川崎区,田町１丁目,35.5352679,139.7422215
11020,川崎区,田町２丁目,35.5345273,139.7453675
11021,川崎区,田町３丁目,35.5318437,139.7687813
11022,川崎区,大師駅前１丁目,35.534689,139.7269628
11023,川崎区,大師駅前２丁目,35.5340661,139.7233122
11024,川崎区,大師河原１丁目,35.5372576,139.743287
11025,川崎区,大師河原２丁目,35.5372958,139.7418432
11026,川崎区,大師公園,35.531721,139.731413
11027,川崎区,大師町,35.5338309,139.7306612
11028,川崎区,大師本町,35.5357078,139.7302243
11029,川崎区,台町,35.530126,139.732938
11030,川崎区,千鳥町,35.5168068,139.7557351
11031,川崎区,出来野,35.5336785,139.7399019
11032,川崎区,殿町１丁目,35.5393374,139.7437888
11033,川崎区,殿町２丁目,35.5401004,139.7476991
11034,川崎区,殿町３丁目,35.5318437,139.7687813
11035,川崎区,中瀬１丁目,35.5398419,139.7287681
11036,川崎区,中瀬２丁目,35.5376368,139.7278335
11037,川崎区,中瀬３丁目,35.5391729,139.7320721
11038,川崎区,東扇島,35.49719,139.753955
11039,川崎区,東門前１丁目,35.5355198,139.7333703
11040,川崎区,東門前２丁目,35.5333941,139.7346956
11041,川崎区,東門前３丁目,35.5355198,139.7365255
11042,川崎区,日ノ出１丁目,35.5317845,139.7417848
11043,川崎区,日ノ出２丁目,35.5317597,139.7442016
11044,川崎区,藤崎１丁目,35.5293318,139.7210407
11045,川崎区,藤崎２丁目,35.5266851,139.7207566
11046,川崎区,藤崎３丁目,35.5278092,139.7241752
11047,川崎区,藤崎４丁目,35.5243892,139.7221908
11048,川崎区,水江町,35.5096405,139.7443334
11049,川崎区,夜光１丁目,35.5282412,139.7534879
11050,川崎区,夜光２丁目,35.5239679,139.7450469
11051,川崎区,夜光３丁目,35.5175108,139.7416851
11052,川崎区,四谷上町,35.5296902,139.7038971
11053,川崎区,四谷下町,35.5296902,139.7038971
12001,川崎区,浅田１丁目,35.5069604,139.7049012
12002,川崎区,浅田２丁目,35.5071935,139.702693
12003,川崎区,浅田３丁目,35.5073101,139.7000413
12004,川崎区,浅田４丁目,35.5044642,139.7004538
12005,川崎区,浅野町,35.5130508,139.7258586
12006,川崎区,池上町,35.517079,139.7316229
12007,川崎区,追分町,35.5193105,139.7147033
12008,川崎区,大川町,35.4952181,139.7147839
12009,川崎区,扇島,35.4569814,139.6252917
12010,川崎区,扇町,35.4513083,139.6254725
12011,川崎区,小田２丁目,35.5134504,139.6996067
12012,川崎区,小田３丁目,35.513581,139.7039782
12013,川崎区,小田４丁目,35.5106869,139.7004407
12014,川崎区,小田５丁目,35.5111699,139.7060068
12015,川崎区,小田６丁目,35.5090872,139.7057322
12016,川崎区,小田７丁目,35.5090819,139.7086656
12017,川崎区,小田栄１丁目,35.5160531,139.7045119
12018,川崎区,小田栄２丁目,35.51359,139.7088293
12019,川崎区,鋼管通１丁目,35.5177706,139.7128273
12020,川崎区,鋼管通２丁目,35.5162635,139.7153502
12021,川崎区,鋼管通３丁目,35.5139562,139.7136322
12022,川崎区,鋼管通４丁目,35.5116173,139.7124081
12023,川崎区,鋼管通５丁目,35.5107562,139.7142699
12024,川崎区,桜本１丁目,35.5192136,139.7229601
12025,川崎区,桜本２丁目,35.5216793,139.7255724
12026,川崎区,白石町,35.6080726,139.5159181
12027,川崎区,田島町,35.5318437,139.7687813
12028,川崎区,田辺新田,35.5047259,139.7072352
12029,川崎区,浜町１丁目,35.4513083,139.6254725
12030,川崎区,浜町２丁目,35.4513083,139.6254725
12031,川崎区,浜町３丁目,35.4513083,139.6254725
12032,川崎区,浜町４丁目,35.4513083,139.6254725
12033,川崎区,南渡田町,35.5083574,139.7164516
20001,幸区,遠藤町,35.5423134,139.6923886
20002,幸区,大宮町,35.5299976,139.6934161
20003,幸区,河原町,35.5398668,139.6941208
20004,幸区,小向,35.5504851,139.7016066
20005,幸区,小向町,35.5475607,139.6952767
20006,幸区,小向東芝町,35.5501467,139.6903155
20007,幸区,小向仲野町,35.5504143,139.696698
20008,幸区,小向西町１丁目,35.5480299,139.6914254
20009,幸区,小向西町２丁目,35.5465901,139.6909795
20010,幸区,小向西町３丁目,35.5480035,139.6877854
20011,幸区,小向西町４丁目,35.546137,139.6876597
20012,幸区,紺屋町,35.5423811,139.6899633
20013,幸区,幸町１丁目,35.5349861,139.6981122
20014,幸区,幸町２丁目,35.5368344,139.6995268
20015,幸区,幸町３丁目,35.5376966,139.6975226
20016,幸区,幸町４丁目,35.535547,139.6961397
20017,幸区,下平間,35.55061,139.6803594
20018,幸区,神明町１丁目,35.5395395,139.6893824
20019,幸区,神明町２丁目,35.5378426,139.6888577
20020,幸区,塚越１丁目,35.546502,139.678527
20021,幸区,塚越２丁目,35.5450059,139.6806193
20022,幸区,塚越３丁目,35.5421551,139.6777808
20023,幸区,塚越４丁目,35.5416493,139.6816503
20024,幸区,戸手１丁目,35.5453774,139.690783
20025,幸区,戸手２丁目,35.5453084,139.6928605
20026,幸区,戸手３丁目,35.545561,139.6951178
20027,幸区,戸手４丁目,35.5420328,139.6962207
20028,幸区,戸手本町１丁目,35.543192,139.6871772
20029,幸区,戸手本町２丁目,35.5397717,139.6863062
20030,幸区,中幸町１丁目,35.5370471,139.6932204
20031,幸区,中幸町２丁目,35.5371216,139.6953502
20032,幸区,中幸町３丁目,35.5335733,139.6939679
20033,幸区,中幸町４丁目,35.5337445,139.69252
20034,幸区,東古市場,35.5523919,139.6906676
20035,幸区,古市場,35.5552195,139.6889405
20036,幸区,古市場１丁目,35.5536705,139.6858605
20037,幸区,古市場２丁目,35.5548718,139.6823618
20038,幸区,古川町,35.5460836,139.682872
20039,幸区,堀川町,35.5340092,139.6978937
20040,幸区,南幸町１丁目,35.5355172,139.689899
20041,幸区,南幸町２丁目,35.5331836,139.6906074
20042,幸区,南幸町３丁目,35.5331237,139.6865313
20043,幸区,都町,35.5369305,139.6895075
20044,幸区,柳町,35.5291914,139.6889876
20045,幸区,新塚越,35.5494042,139.676964
21001,幸区,小倉,35.5401291,139.6684552
21004,幸区,北加瀬１丁目,35.5501895,139.6673948
21005,幸区,北加瀬２丁目,35.5524839,139.6619874
21006,幸区,北加瀬３丁目,35.555986,139.6615649
21007,幸区,南加瀬１丁目,35.547891,139.6661673
21008,幸区,南加瀬２丁目,35.5478865,139.6618808
21009,幸区,南加瀬３丁目,35.5432863,139.663888
21010,幸区,南加瀬４丁目,35.5422131,139.6573319
21011,幸区,南加瀬５丁目,35.5422131,139.6573319
21012,幸区,矢上,35.5538713,139.6588268
21013,幸区,新川崎,35.5514608,139.6718368
21014,幸区,新小倉,35.540872,139.673985
21015,幸区,東小倉,35.5442281,139.6757544
21016,幸区,小倉１丁目,35.5451522,139.6701695
21017,幸区,小倉２丁目,35.5414262,139.6671433
21018,幸区,小倉３丁目,35.541435,139.670755
21019,幸区,小倉４丁目,35.5376544,139.670901
21020,幸区,小倉５丁目,35.537085,139.665565
21021,幸区,鹿島田１丁目,35.5509805,139.67326
21022,幸区,鹿島田２丁目,35.554704,139.671642
21023,幸区,鹿島田３丁目,35.5591694,139.6693591
30005,中原区,市ノ坪,35.567422,139.664481
30010,中原区,大倉町,35.556774,139.665973
30012,中原区,上新城１丁目,35.590571,139.628885
30013,中原区,上新城２丁目,35.58722,139.630813
30014,中原区,上平間,35.559946,139.677571
30015,中原区,上丸子,35.574764,139.664298
30016,中原区,上丸子山王町１丁目,35.578982,139.668365
30017,中原区,上丸子山王町２丁目,35.576142,139.666579
30018,中原区,上丸子天神町,35.586928,139.66357
30019,中原区,上丸子八幡町,35.582599,139.667963
30021,中原区,北谷町,35.562575,139.671567
30027,中原区,小杉,35.5766239,139.6607166
30028,中原区,小杉御殿町１丁目,35.583962,139.652437
30029,中原区,小杉御殿町２丁目,35.579423,139.653391
30030,中原区,小杉陣屋町１丁目,35.585031,139.658407
30031,中原区,小杉陣屋町２丁目,35.585132,139.65604
30032,中原区,小杉町１丁目,35.579357,139.658607
30033,中原区,小杉町２丁目,35.579455,139.656175
30034,中原区,小杉町３丁目,35.574686,139.657252
30036,中原区,下小田中１丁目,35.579784,139.637806
30037,中原区,下小田中２丁目,35.577623,139.643486
30038,中原区,下小田中３丁目,35.573154,139.643202
30039,中原区,下小田中４丁目,35.576185,139.637997
30040,中原区,下小田中５丁目,35.574075,139.63411
30041,中原区,下小田中６丁目,35.57122,139.637288
30042,中原区,下新城１丁目,35.5800564,139.6334844
30043,中原区,下新城２丁目,35.577461,139.632675
30044,中原区,下新城３丁目,35.579671,139.630402
30045,中原区,下沼部,35.574007,139.668804
30046,中原区,新城,35.587962,139.627724
30047,中原区,新城１丁目,35.58526,139.631542
30048,中原区,新城２丁目,35.582811,139.63164
30049,中原区,新城３丁目,35.585398,139.630159
30050,中原区,新城４丁目,35.582792,139.630059
30051,中原区,新城５丁目,35.586216,139.628985
30052,中原区,新城中町,35.583254,139.633532
30053,中原区,新丸子東１丁目,35.580086,139.663177
30054,中原区,新丸子東２丁目,35.577759,139.662374
30055,中原区,新丸子東３丁目,35.574728,139.6612
30056,中原区,新丸子町,35.579381,139.660603
30057,中原区,田尻町,35.559488,139.672165
30059,中原区,中丸子,35.568518,139.668859
30061,中原区,丸子通１丁目,35.582999,139.66455
30062,中原区,丸子通２丁目,35.58328,139.661594
30064,中原区,宮内１丁目,35.594809,139.644987
30065,中原区,宮内２丁目,35.590908,139.638814
30066,中原区,宮内３丁目,35.590812,139.643723
30067,中原区,宮内４丁目,35.58606,139.644465
30068,中原区,等々力,35.58918,139.653175
30069,中原区,上小田中１丁目,35.593112,139.630566
30070,中原区,上小田中２丁目,35.588425,139.63638
30071,中原区,上小田中３丁目,35.586945,139.633167
30072,中原区,上小田中４丁目,35.583537,139.640258
30073,中原区,上小田中５丁目,35.582758,139.636621
30074,中原区,上小田中６丁目,35.582178,139.645375
30075,中原区,上小田中７丁目,35.581033,139.648845
30076,中原区,井田１丁目,35.562932,139.643385
30077,中原区,井田２丁目,35.561114,139.640893
30078,中原区,井田３丁目,35.562737,139.636755
30079,中原区,井田三舞町,35.569301,139.646265
30080,中原区,井田杉山町,35.569529,139.642792
30081,中原区,井田中ノ町,35.565289,139.643876
30082,中原区,木月伊勢町,35.569092,139.65494
30083,中原区,木月大町,35.571152,139.65034
30084,中原区,木月祗園町,35.568179,139.65085
30085,中原区,木月住吉町,35.565849,139.658919
30086,中原区,木月１丁目,35.565429,139.652818
30087,中原区,木月２丁目,35.564023,139.65547
30088,中原区,木月３丁目,35.562816,139.650428
30089,中原区,木月４丁目,35.559027,139.654425
30091,中原区,苅宿,35.561763,139.663954
30092,中原区,西加瀬,35.560117,139.659823
30093,中原区,今井上町,35.578438,139.649884
30094,中原区,今井仲町,35.574457,139.651479
30095,中原区,今井西町,35.575397,139.64838
30096,中原区,今井南町,35.572501,139.654761
40001,高津区,宇奈根,35.6142322,139.6040043
40002,高津区,梶ケ谷１丁目,35.589773,139.599458
40003,高津区,梶ケ谷２丁目,35.5894142,139.6024041
40004,高津区,梶ケ谷３丁目,35.587765,139.606183
40005,高津区,梶ケ谷４丁目,35.5867551,139.6027735
40006,高津区,梶ケ谷５丁目,35.583936,139.605954
40007,高津区,梶ケ谷６丁目,35.583404,139.610187
40008,高津区,上作延,35.6007089,139.5933116
40010,高津区,久地,35.610598,139.5925023
40012,高津区,坂戸１丁目,35.597928,139.621556
40013,高津区,坂戸２丁目,35.5961274,139.6262705
40014,高津区,坂戸３丁目,35.5940977,139.6233129
40015,高津区,下作延,35.604026,139.594571
40016,高津区,下野毛１丁目,35.5989364,139.6374298
40017,高津区,下野毛２丁目,35.5953956,139.635925
40018,高津区,下野毛３丁目,35.595659,139.640058
40021,高津区,久本１丁目,35.5971663,139.6113144
40022,高津区,久本２丁目,35.594993,139.613968
40023,高津区,久本３丁目,35.595994,139.617343
40026,高津区,向ケ丘,35.593877,139.594688
40027,高津区,北見方１丁目,35.5981863,139.6277325
40028,高津区,北見方２丁目,35.6014023,139.6317217
40029,高津区,北見方３丁目,35.597837,139.632118
40030,高津区,諏訪１丁目,35.6056207,139.6245514
40031,高津区,諏訪２丁目,35.6044219,139.629071
40032,高津区,諏訪３丁目,35.6023147,139.6258322
40033,高津区,瀬田,35.6071957,139.6250135
40034,高津区,二子１丁目,35.599536,139.6079812
40035,高津区,二子２丁目,35.599536,139.6079812
40036,高津区,二子３丁目,35.599536,139.6079812
40037,高津区,二子４丁目,35.599536,139.6079812
40038,高津区,二子５丁目,35.599536,139.6079812
40039,高津区,二子６丁目,35.599536,139.6079812
40040,高津区,溝口１丁目,35.5997928,139.6131876
40041,高津区,溝口２丁目,35.6022518,139.6107168
40042,高津区,溝口３丁目,35.6036704,139.6128512
40043,高津区,溝口４丁目,35.6046655,139.615588
40044,高津区,溝口５丁目,35.6070572,139.614768
40045,高津区,溝口６丁目,35.608341,139.612497
40046,高津区,久地１丁目,35.606678,139.606989
40047,高津区,久地２丁目,35.611866,139.612344
40048,高津区,久地３丁目,35.6100158,139.6041036
40049,高津区,久地４丁目,35.6098493,139.5980466
40050,高津区,下作延１丁目,35.6018897,139.607448
40051,高津区,下作延２丁目,35.5983635,139.6066355
40052,高津区,下作延３丁目,35.5939164,139.6010918
40053,高津区,下作延４丁目,35.59895,139.602468
40054,高津区,下作延５丁目,35.604043,139.598006
40055,高津区,下作延６丁目,35.607085,139.599078
40056,高津区,下作延７丁目,35.6040939,139.6041438
40057,高津区,上作延１丁目,35.5999022,139.5951779
40058,高津区,上作延２丁目,35.6005663,139.5906289
40059,高津区,上作延３丁目,35.5979852,139.5896164
40060,高津区,上作延４丁目,35.5968925,139.5935029
40061,高津区,上作延５丁目,35.5960856,139.5976576
41001,高津区,明津,35.5678808,139.6366588
41002,高津区,蟹ケ谷,35.5651289,139.6316175
41003,高津区,子母口,35.5719091,139.6288304
41004,高津区,子母口富士見台,35.5745663,139.6257607
41005,高津区,新作１丁目,35.586338,139.610062
41006,高津区,新作２丁目,35.5832653,139.6143317
41007,高津区,新作３丁目,35.5861756,139.6156866
41008,高津区,新作４丁目,35.5866889,139.6203293
41009,高津区,新作５丁目,35.587628,139.624588
41010,高津区,新作６丁目,35.5857002,139.6251899
41012,高津区,千年,35.5779867,139.6228447
41013,高津区,千年新町,35.581997,139.628216
41015,高津区,久末,35.5663762,139.6208738
41016,高津区,末長１丁目,35.5927137,139.6066042
41017,高津区,末長２丁目,35.589939,139.613198
41018,高津区,末長３丁目,35.5903447,139.6202077
41019,高津区,末長４丁目,35.590903,139.625436
41020,高津区,北野川,35.579726,139.620171
41021,高津区,東野川１丁目,35.572079,139.618276
41022,高津区,東野川２丁目,35.5681441,139.6138797
50001,宮前区,有馬１丁目,35.578103,139.578515
50002,宮前区,有馬２丁目,35.578585,139.585061
50003,宮前区,有馬３丁目,35.5743248,139.5874819
50004,宮前区,有馬４丁目,35.575604,139.58013
50005,宮前区,有馬５丁目,35.573262,139.580892
50006,宮前区,有馬６丁目,35.570325,139.583039
50007,宮前区,有馬７丁目,35.570958,139.57781
50008,宮前区,有馬８丁目,35.573306,139.574567
50009,宮前区,有馬９丁目,35.572188,139.570378
50010,宮前区,梶ケ谷,35.58194,139.605476
50011,宮前区,けやき平,35.5891669,139.5786951
50012,宮前区,小台１丁目,35.581471,139.577296
50013,宮前区,小台２丁目,35.582278,139.581834
50014,宮前区,鷺沼１丁目,35.576974,139.572934
50015,宮前区,鷺沼２丁目,35.574646,139.569128
50016,宮前区,鷺沼３丁目,35.579103,139.56924
50017,宮前区,鷺沼４丁目,35.582943,139.567685
50018,宮前区,神木１丁目,35.593385,139.580384
50019,宮前区,神木２丁目,35.594734,139.5830449
50020,宮前区,土橋１丁目,35.587051,139.576673
50021,宮前区,土橋２丁目,35.584926,139.575955
50022,宮前区,土橋３丁目,35.582518,139.573235
50023,宮前区,土橋４丁目,35.586192,139.570235
50024,宮前区,土橋５丁目,35.589782,139.568083
50025,宮前区,土橋６丁目,35.589136,139.571104
50026,宮前区,土橋７丁目,35.590547,139.575373
50028,宮前区,東有馬１丁目,35.576096,139.589251
50029,宮前区,東有馬２丁目,35.575382,139.594066
50030,宮前区,東有馬３丁目,35.572447,139.591135
50031,宮前区,東有馬４丁目,35.569544,139.588441
50032,宮前区,東有馬５丁目,35.569215,139.595067
50034,宮前区,宮崎,35.5743248,139.5874819
50035,宮前区,宮崎１丁目,35.584751,139.593441
50036,宮前区,宮崎２丁目,35.588048,139.591687
50037,宮前区,宮崎３丁目,35.591563,139.591243
50038,宮前区,宮崎４丁目,35.59393,139.587005
50039,宮前区,宮崎５丁目,35.591243,139.58665
50040,宮前区,宮崎６丁目,35.591282,139.580981
50041,宮前区,宮前平１丁目,35.584839,139.585832
50042,宮前区,宮前平２丁目,35.587782,139.581604
50043,宮前区,宮前平３丁目,35.587669,139.586497
50044,宮前区,馬絹１丁目,35.581546,139.587416
50045,宮前区,馬絹２丁目,35.581163,139.592254
50046,宮前区,馬絹３丁目,35.579191,139.593971
50047,宮前区,馬絹４丁目,35.5799657,139.5988772
50048,宮前区,馬絹５丁目,35.583116,139.600006
50049,宮前区,馬絹６丁目,35.58256,139.59614
50050,宮前区,野川本町１丁目,35.5793075,139.6138018
50051,宮前区,野川本町２丁目,35.5752105,139.6142256
50052,宮前区,野川本町３丁目,35.575561,139.618075
50053,宮前区,西野川１丁目,35.5773005,139.6030086
50054,宮前区,西野川２丁目,35.5742637,139.6084884
50055,宮前区,西野川３丁目,35.5706247,139.6061951
50056,宮前区,野川台１丁目,35.5745779,139.5982933
50057,宮前区,野川台２丁目,35.5753611,139.6022375
50058,宮前区,野川台３丁目,35.5751015,139.6059054
50059,宮前区,南野川１丁目,35.5693942,139.6007931
50060,宮前区,南野川２丁目,35.566523,139.6033144
50061,宮前区,南野川３丁目,35.5704589,139.6126163
51001,宮前区,犬蔵１丁目,35.59051,139.559299
51002,宮前区,犬蔵２丁目,35.583435,139.563502
51003,宮前区,犬蔵３丁目,35.588909,139.555367
51004,宮前区,五所塚１丁目,35.5891669,139.5786951
51005,宮前区,五所塚２丁目,35.5891669,139.5786951
51006,宮前区,潮見台,35.594099,139.532237
51007,宮前区,神木本町１丁目,35.60325,139.579467
51008,宮前区,神木本町２丁目,35.603419,139.585331
51009,宮前区,神木本町３丁目,35.599542,139.586328
51010,宮前区,神木本町４丁目,35.597356,139.584064
51011,宮前区,神木本町５丁目,35.598484,139.58062
51012,宮前区,白幡台１丁目,35.597064,139.568798
51013,宮前区,白幡台２丁目,35.595752,139.566312
51014,宮前区,菅生１丁目,35.599855,139.555378
51015,宮前区,菅生２丁目,35.600109,139.550281
51016,宮前区,菅生３丁目,35.595648,139.548448
51017,宮前区,菅生４丁目,35.593455,139.551518
51018,宮前区,菅生５丁目,35.593765,139.556634
51019,宮前区,菅生６丁目,35.592765,139.561347
51020,宮前区,菅生ケ丘,35.596922,139.542145
51021,宮前区,平１丁目,35.601225,139.57782
51022,宮前区,平２丁目,35.601855,139.572713
51023,宮前区,平３丁目,35.603081,139.569094
51024,宮前区,平４丁目,35.598097,139.572178
51025,宮前区,平５丁目,35.598364,139.576281
51026,宮前区,平６丁目,35.596675,139.578087
51027,宮前区,南平台,35.594052,139.56976
51028,宮前区,初山１丁目,35.600965,139.562308
51029,宮前区,初山２丁目,35.596342,139.562868
51030,宮前区,水沢１丁目,35.590543,139.549837
51031,宮前区,水沢２丁目,35.591729,139.542802
51032,宮前区,水沢３丁目,35.594447,139.542682
60001,多摩区,生田１丁目,35.620825,139.543013
60002,多摩区,生田２丁目,35.620825,139.543013
60003,多摩区,生田３丁目,35.6221066,139.5467248
60004,多摩区,和泉,35.6293385,139.5647702
60005,多摩区,宿河原１丁目,35.620331,139.575896
60006,多摩区,宿河原２丁目,35.613705,139.572656
60007,多摩区,宿河原３丁目,35.613988,139.579678
60008,多摩区,宿河原４丁目,35.6180974,139.5802808
60009,多摩区,宿河原５丁目,35.6176888,139.5842862
60010,多摩区,宿河原６丁目,35.6110089,139.5881327
60011,多摩区,宿河原７丁目,35.6167666,139.5884924
60012,多摩区,菅１丁目,35.6323277,139.5372947
60013,多摩区,菅２丁目,35.632991,139.530962
60014,多摩区,菅３丁目,35.63608,139.525548
60015,多摩区,菅４丁目,35.6359051,139.5285458
60016,多摩区,菅５丁目,35.6372821,139.529756
60017,多摩区,菅６丁目,35.6388695,139.5252384
60018,多摩区,菅稲田堤１丁目,35.6352056,139.5354441
60019,多摩区,菅稲田堤２丁目,35.636803,139.539364
60020,多摩区,菅稲田堤３丁目,35.634919,139.542429
60021,多摩区,菅北浦１丁目,35.6308231,139.5385285
60022,多摩区,菅北浦２丁目,35.62966,139.535147
60023,多摩区,菅北浦３丁目,35.6308016,139.5311593
60024,多摩区,菅北浦４丁目,35.6268868,139.529374
60025,多摩区,菅北浦５丁目,35.627189,139.533957
60026,多摩区,菅城下,35.634521,139.524042
60027,多摩区,菅仙谷１丁目,35.629489,139.522437
60028,多摩区,菅仙谷２丁目,35.6288702,139.526553
60029,多摩区,菅仙谷３丁目,35.62358,139.525224
60030,多摩区,菅仙谷４丁目,35.626393,139.519225
60031,多摩区,菅野戸呂,35.6396579,139.5314929
60032,多摩区,菅馬場１丁目,35.620825,139.543013
60033,多摩区,菅馬場２丁目,35.6262308,139.5376
60034,多摩区,菅馬場３丁目,35.622958,139.533815
60035,多摩区,菅馬場４丁目,35.62054,139.529195
60036,多摩区,堰１丁目,35.6160136,139.5942887
60037,多摩区,堰２丁目,35.613098,139.595394
60038,多摩区,堰３丁目,35.611939,139.595076
60039,多摩区,中野島,35.6301147,139.5506829
60040,多摩区,中野島１丁目,35.6283912,139.5468616
60041,多摩区,中野島２丁目,35.626321,139.549433
60042,多摩区,中野島３丁目,35.627875,139.5533377
60043,多摩区,中野島４丁目,35.628776,139.558865
60044,多摩区,中野島５丁目,35.6313949,139.558649
60045,多摩区,中野島６丁目,35.631822,139.551584
60046,多摩区,長尾１丁目,35.611517,139.573892
60047,多摩区,長尾２丁目,35.608698,139.571747
60048,多摩区,長尾３丁目,35.608226,139.577033
60049,多摩区,長尾４丁目,35.6108448,139.5785026
60050,多摩区,長尾５丁目,35.611186,139.5827687
60051,多摩区,長尾６丁目,35.6072585,139.5798673
60052,多摩区,長尾７丁目,35.607114,139.584933
60053,多摩区,登戸,35.6208025,139.5699959
60054,多摩区,登戸新町,35.6245657,139.5635201
60055,多摩区,東生田１丁目,35.6134396,139.5665804
60056,多摩区,東生田２丁目,35.6101848,139.565175
60057,多摩区,東生田３丁目,35.606368,139.566426
60058,多摩区,東生田４丁目,35.604824,139.56503
60059,多摩区,東三田２丁目,35.609706,139.553456
60060,多摩区,布田,35.6340413,139.5475352
60061,多摩区,枡形１丁目,35.620825,139.543013
60062,多摩区,枡形２丁目,35.6189538,139.5553819
60063,多摩区,枡形３丁目,35.6166515,139.5591203
60064,多摩区,枡形４丁目,35.617383,139.552885
60065,多摩区,枡形５丁目,35.613493,139.553267
60066,多摩区,枡形６丁目,35.612494,139.559472
60067,多摩区,枡形７丁目,35.606517,139.556576
61001,多摩区,生田４丁目,35.6197918,139.5451185
61002,多摩区,生田５丁目,35.6209409,139.5409235
61003,多摩区,生田６丁目,35.6176965,139.5374876
61004,多摩区,生田７丁目,35.6164929,139.5424363
61005,多摩区,生田８丁目,35.6170195,139.5478342
61006,多摩区,栗谷１丁目,35.6125462,139.5337057
61007,多摩区,栗谷２丁目,35.6093178,139.5350441
61008,多摩区,栗谷３丁目,35.6124066,139.5368358
61009,多摩区,栗谷４丁目,35.6111806,139.5393497
61010,多摩区,寺尾台１丁目,35.6196414,139.5351031
61011,多摩区,寺尾台２丁目,35.6211317,139.5376083
61012,多摩区,長沢１丁目,35.6035955,139.5449714
61013,多摩区,長沢２丁目,35.601068,139.545353
61014,多摩区,長沢３丁目,35.599901,139.541631
61015,多摩区,長沢４丁目,35.598453,139.535439
61016,多摩区,西生田１丁目,35.6161484,139.5287463
61017,多摩区,西生田２丁目,35.6160055,139.5329306
61018,多摩区,西生田３丁目,35.6118429,139.5296475
61019,多摩区,西生田４丁目,35.611717,139.52559
61020,多摩区,西生田５丁目,35.607389,139.5257047
61021,多摩区,東三田１丁目,35.612653,139.549014
61022,多摩区,東三田３丁目,35.608627,139.550502
61023,多摩区,三田１丁目,35.6195325,139.5620976
61024,多摩区,三田２丁目,35.6195325,139.5620976
61025,多摩区,三田３丁目,35.6195325,139.5620976
61026,多摩区,三田４丁目,35.6195325,139.5620976
61027,多摩区,三田５丁目,35.6195325,139.5620976
61028,多摩区,南生田１丁目,35.6090441,139.5299312
61029,多摩区,南生田２丁目,35.6039069,139.5291051
61030,多摩区,南生田３丁目,35.605112,139.53387
61031,多摩区,南生田４丁目,35.600659,139.53421
61032,多摩区,南生田５丁目,35.602854,139.538988
61033,多摩区,南生田６丁目,35.604492,139.5384805
61034,多摩区,南生田７丁目,35.6085693,139.5400276
61035,多摩区,南生田８丁目,35.607585,139.537406
70001,麻生区,王禅寺,35.5861588,139.5224604
70002,麻生区,岡上,35.5783849,139.4811908
70003,麻生区,片平,35.5960902,139.4825242
70004,麻生区,片平１丁目,35.5979699,139.498884
70005,麻生区,片平２丁目,35.5934271,139.4961576
70006,麻生区,片平３丁目,35.5903323,139.4930851
70007,麻生区,片平４丁目,35.5931685,139.4892068
70008,麻生区,片平５丁目,35.5970932,139.4917956
70009,麻生区,金程１丁目,35.6093527,139.5019417
70010,麻生区,金程２丁目,35.6102391,139.4999192
70011,麻生区,金程３丁目,35.6130757,139.4982653
70012,麻生区,金程４丁目,35.6139426,139.5024565
70013,麻生区,上麻生,35.5920986,139.5001888
70014,麻生区,上麻生１丁目,35.6022953,139.507926
70015,麻生区,上麻生２丁目,35.6003265,139.5117446
70016,麻生区,上麻生３丁目,35.599772,139.5048585
70017,麻生区,上麻生４丁目,35.5951479,139.5046357
70018,麻生区,栗木,35.602112,139.475626
70019,麻生区,栗木台１丁目,35.6068922,139.4757782
70020,麻生区,栗木台２丁目,35.6098549,139.4735397
70021,麻生区,栗木台３丁目,35.6115152,139.4744543
70022,麻生区,栗木台４丁目,35.6090779,139.4780837
70023,麻生区,栗木台５丁目,35.6118334,139.4784426
70024,麻生区,栗平１丁目,35.6049386,139.481284
70025,麻生区,栗平２丁目,35.6086272,139.4817654
70026,麻生区,黒川,35.6132327,139.4707421
70027,麻生区,五力田,35.6037126,139.5058592
70028,麻生区,五力田１丁目,35.6037126,139.5058592
70029,麻生区,五力田２丁目,35.6037126,139.5058592
70030,麻生区,五力田３丁目,35.6037126,139.5058592
70031,麻生区,下麻生,35.572171,139.51203
70032,麻生区,白鳥１丁目,35.6011882,139.4877104
70033,麻生区,白鳥２丁目,35.6028117,139.4837109
70034,麻生区,白鳥３丁目,35.6055263,139.4838321
70035,麻生区,高石１丁目,35.6103933,139.5156569
70036,麻生区,高石２丁目,35.6130151,139.5153171
70037,麻生区,高石３丁目,35.613656,139.5204087
70038,麻生区,高石４丁目,35.6102603,139.52182
70039,麻生区,高石５丁目,35.6052453,139.522655
70040,麻生区,高石６丁目,35.6024219,139.5228577
70041,麻生区,多摩美１丁目,35.6185385,139.5238918
70042,麻生区,多摩美２丁目,35.620218,139.5217027
70043,麻生区,千代ケ丘１丁目,35.6102721,139.5082612
70044,麻生区,千代ケ丘２丁目,35.613346,139.511619
70045,麻生区,千代ケ丘３丁目,35.6124938,139.5087558
70046,麻生区,千代ケ丘４丁目,35.6119812,139.5053815
70047,麻生区,千代ケ丘５丁目,35.61466,139.5072969
70048,麻生区,千代ケ丘６丁目,35.6159623,139.5105323
70049,麻生区,千代ケ丘７丁目,35.6163463,139.5052134
70050,麻生区,千代ケ丘８丁目,35.6187449,139.5062569
70051,麻生区,千代ケ丘９丁目,35.6195019,139.5093083
70052,麻生区,虹ケ丘１丁目,35.5807471,139.5219982
70053,麻生区,虹ケ丘２丁目,35.5805408,139.5250801
70054,麻生区,虹ケ丘３丁目,35.5768584,139.5235577
70055,麻生区,白山１丁目,35.589738,139.5127828
70056,麻生区,白山２丁目,35.5920374,139.512035
70057,麻生区,白山３丁目,35.5936912,139.5089149
70058,麻生区,白山４丁目,35.5909064,139.5098925
70059,麻生区,白山５丁目,35.5875884,139.5075588
70060,麻生区,早野,35.5731476,139.5192036
70061,麻生区,東百合丘１丁目,35.6021346,139.5280155
70062,麻生区,東百合丘２丁目,35.5987769,139.5274669
70063,麻生区,東百合丘３丁目,35.5952873,139.5263189
70064,麻生区,東百合丘４丁目,35.5980653,139.5229701
70065,麻生区,古沢,35.6035078,139.4971645
70066,麻生区,細山,35.6221357,139.5062935
70067,麻生区,細山１丁目,35.6186885,139.5203598
70068,麻生区,細山２丁目,35.6160953,139.51648
70069,麻生区,細山３丁目,35.616575,139.5142031
70070,麻生区,細山４丁目,35.619306,139.5136999
70071,麻生区,細山５丁目,35.6192152,139.5171054
70072,麻生区,細山６丁目,35.6225587,139.5168292
70073,麻生区,細山７丁目,35.6231931,139.5140709
70074,麻生区,細山８丁目,35.6202051,139.510687
70075,麻生区,万福寺,35.604181,139.502265
70076,麻生区,万福寺１丁目,35.6038705,139.5059483
70077,麻生区,万福寺２丁目,35.6057251,139.511843
70078,麻生区,南黒川,35.6142343,139.4713349
70079,麻生区,向原１丁目,35.6160796,139.5004654
70080,麻生区,向原２丁目,35.6157718,139.4965138
70081,麻生区,向原３丁目,35.6195329,139.500694
70082,麻生区,百合丘１丁目,35.6073221,139.5177917
70083,麻生区,百合丘２丁目,35.6049866,139.514683
70084,麻生区,百合丘３丁目,35.6019667,139.5190062
70085,麻生区,上麻生５丁目,35.5905537,139.5000519
70086,麻生区,栗木１丁目,35.6055651,139.4735948
70087,麻生区,栗木２丁目,35.6074256,139.469097
70088,麻生区,栗木３丁目,35.6047304,139.4707805
70089,麻生区,上麻生６丁目,35.5859716,139.4980709
70090,麻生区,上麻生７丁目,35.5811718,139.5010249
70091,麻生区,王禅寺西１丁目,35.5995287,139.5143508
70092,麻生区,王禅寺西２丁目,35.5985965,139.5174685
70093,麻生区,王禅寺西３丁目,35.596039,139.5151508
70094,麻生区,王禅寺西４丁目,35.5933943,139.5117918
70095,麻生区,王禅寺西５丁目,35.5925544,139.5080531
70096,麻生区,王禅寺西６丁目,35.5906005,139.5043198
70097,麻生区,王禅寺西７丁目,35.5870186,139.5045018
70098,麻生区,王禅寺東１丁目,35.5939619,139.5215056
70099,麻生区,王禅寺東２丁目,35.5920871,139.5183699
70100,麻生区,王禅寺東３丁目,35.5867333,139.5167205
70101,麻生区,王禅寺東４丁目,35.5856289,139.5105384
70102,麻生区,王禅寺東５丁目,35.5823544,139.514411
70103,麻生区,王禅寺東６丁目,35.5781654,139.5127125
70104,麻生区,王禅寺西８丁目,35.5845943,139.5033663
70105,麻生区,白鳥４丁目,35.6059663,139.4869731
70106,麻生区,下麻生１丁目,35.5820601,139.5061029
70107,麻生区,下麻生２丁目,35.5815295,139.5089698
70108,麻生区,下麻生３丁目,35.574813,139.510879
70109,麻生区,はるひ野１丁目,35.6037126,139.5058592
70110,麻生区,はるひ野２丁目,35.6037126,139.5058592
70111,麻生区,はるひ野３丁目,35.6037126,139.5058592
70112,麻生区,はるひ野４丁目,35.6037126,139.5058592
70113,麻生区,はるひ野５丁目,35.6037126,139.5058592
70114,麻生区,片平６丁目,35.5960077,139.4901964
70115,麻生区,片平７丁目,35.598777,139.4863511
70116,麻生区,片平８丁目,35.6017114,139.4824429
70117,麻生区,万福寺３丁目,35.6067949,139.5093187
70118,麻生区,万福寺４丁目,35.6084352,139.5093822
70119,麻生区,万福寺５丁目,35.6079317,139.5042421
70120,麻生区,万福寺６丁目,35.6061167,139.5055895
70121,麻生区,岡上１丁目,35.5834325,139.4866423
70122,麻生区,岡上２丁目,35.581035,139.4874346
70123,麻生区,岡上３丁目,35.5805952,139.4832957
70124,麻生区,岡上４丁目,35.5806282,139.478718
70125,麻生区,岡上５丁目,35.5777847,139.4754331
70126,麻生区,岡上６丁目,35.5730507,139.4741376
